{"cameraMode":{"drawMode":0,"name":"Shaded","section":"Shading Mode"},"sceneLighting":true,"audioPlay":false,"sceneViewState":{"showFog":true,"showMaterialUpdate":false,"showSkybox":true,"showFlares":true,"showImageEffects":true,"showParticleSystems":true,"showVisualEffectGraphs":true,"m_FxEnabled":true},"in2DMode":false,"pivot":{"x":-0.0496363639831543,"y":1.3136422634124756,"z":61.49461364746094},"rotation":{"x":0.022791137918829919,"y":0.9771834015846252,"z":-0.14469143748283387,"w":0.1539885699748993},"size":5.896582126617432,"orthographic":false}