{"cameraMode":{"drawMode":0,"name":"Shaded","section":"Shading Mode"},"sceneLighting":true,"audioPlay":false,"sceneViewState":{"showFog":true,"showMaterialUpdate":false,"showSkybox":true,"showFlares":true,"showImageEffects":true,"showParticleSystems":true},"in2DMode":false,"pivot":{"x":-0.21892833709716798,"y":0.7653436660766602,"z":0.6794511675834656},"rotation":{"x":0.2818187177181244,"y":-0.6363374590873718,"z":0.2694143056869507,"w":0.6656370162963867},"size":10.324686050415039,"orthographic":false}