{"cameraMode":{"drawMode":0,"name":"Shaded","section":"Shading Mode"},"sceneLighting":false,"audioPlay":false,"sceneViewState":{"showFog":true,"showMaterialUpdate":false,"showSkybox":false,"showFlares":true,"showImageEffects":true,"showParticleSystems":true},"in2DMode":false,"pivot":{"x":0.5590000152587891,"y":-0.17975357174873353,"z":0.46256592869758608},"rotation":{"x":0.029862601310014726,"y":-0.6425054669380188,"z":0.025069862604141237,"w":0.7652939558029175},"size":0.6349420547485352,"orthographic":true}