{"cameraMode":{"drawMode":0,"name":"Shaded","section":"Shading Mode"},"sceneLighting":false,"audioPlay":false,"sceneViewState":{"showFog":true,"showMaterialUpdate":false,"showSkybox":false,"showFlares":true,"showImageEffects":true,"showParticleSystems":true},"in2DMode":false,"pivot":{"x":-4.85797119140625,"y":2.15869140625,"z":9.275390625},"rotation":{"x":0.3948599696159363,"y":-0.3019920587539673,"z":0.13923631608486176,"w":0.8564508557319641},"size":6.231899738311768,"orthographic":true}