{"cameraMode":{"drawMode":0,"name":"Shaded","section":"Shading Mode"},"sceneLighting":false,"audioPlay":false,"sceneViewState":{"showFog":true,"showMaterialUpdate":false,"showSkybox":false,"showFlares":true,"showImageEffects":true,"showParticleSystems":true},"in2DMode":false,"pivot":{"x":-0.1187250018119812,"y":2.9000000953674318,"z":-1.1920928955078126e-7},"rotation":{"x":0.3927222490310669,"y":-0.10667140036821366,"z":0.045919667929410937,"w":0.912296712398529},"size":0.9215661287307739,"orthographic":false}