{"cameraMode":{"drawMode":0,"name":"Shaded","section":"Shading Mode"},"sceneLighting":false,"audioPlay":false,"sceneViewState":{"showFog":true,"showMaterialUpdate":false,"showSkybox":false,"showFlares":true,"showImageEffects":true,"showParticleSystems":true},"in2DMode":false,"pivot":{"x":-0.3662669062614441,"y":1.8503615856170655,"z":0.041735827922821048},"rotation":{"x":0.3927222490310669,"y":-0.10667140036821366,"z":0.045919667929410937,"w":0.912296712398529},"size":0.725371778011322,"orthographic":false}