{"cameraMode":{"drawMode":0,"name":"Shaded","section":"Shading Mode"},"sceneLighting":false,"audioPlay":false,"sceneViewState":{"showFog":true,"showMaterialUpdate":false,"showSkybox":false,"showFlares":true,"showImageEffects":true,"showParticleSystems":true},"in2DMode":false,"pivot":{"x":-4.00039005279541,"y":-0.5327529907226563,"z":-12.870992660522461},"rotation":{"x":0.4143952429294586,"y":0.028659848496317865,"z":-0.013059036806225777,"w":0.9095615148544312},"size":10.0,"orthographic":false}