{"cameraMode":{"drawMode":0,"name":"Shaded","section":"Shading Mode"},"sceneLighting":false,"audioPlay":false,"sceneViewState":{"showFog":true,"showMaterialUpdate":false,"showSkybox":false,"showFlares":true,"showImageEffects":true,"showParticleSystems":true},"in2DMode":false,"pivot":{"x":-5.849791526794434,"y":2.1010847091674806,"z":9.464136123657227},"rotation":{"x":0.3033393323421478,"y":0.11399094760417938,"z":-0.03657233342528343,"w":0.9453378319740295},"size":4.093856334686279,"orthographic":false}