{"cameraMode":{"drawMode":0,"name":"Shaded","section":"Shading Mode"},"sceneLighting":true,"audioPlay":false,"sceneViewState":{"showFog":true,"showMaterialUpdate":false,"showSkybox":true,"showFlares":true,"showImageEffects":true,"showParticleSystems":true},"in2DMode":false,"pivot":{"x":9.067103385925293,"y":-5.8674397468566898,"z":0.0466916561126709},"rotation":{"x":0.2142041176557541,"y":0.719578742980957,"z":-0.2525162100791931,"w":0.6103859543800354},"size":8.279638290405274,"orthographic":false}