{"cameraMode":{"drawMode":0,"name":"Shaded","section":"Shading Mode"},"sceneLighting":false,"audioPlay":false,"sceneViewState":{"showFog":true,"showMaterialUpdate":false,"showSkybox":false,"showFlares":true,"showImageEffects":true,"showParticleSystems":true},"in2DMode":false,"pivot":{"x":4.820000171661377,"y":0.0301516130566597,"z":1.3301204442977906},"rotation":{"x":0.18289420008659364,"y":-0.407463401556015,"z":0.08365826308727265,"w":0.8908026218414307},"size":0.7128125429153442,"orthographic":false}